X1,X2,X3,X4,Y
-0.9446992103342908,0.182399983815217,-9.959342222736279,9.948281695452494,1
-0.8784894714063161,-1.1625822477140122,9.60604986246315,-10.356791878436676,0
0.9869546942577337,1.3037471150217879,9.783216264549957,-9.155356037036178,0
0.8178538849265204,0.9907380898327828,9.409722088245937,10.555567678995343,1
0.1784784149788179,-0.5120122111858586,9.733659947666393,-9.196261119926389,0
0.14421278249474562,-0.3357116363096582,9.257154042236538,-8.870236457712078,0
-1.0565152945528138,-1.6398658176119185,-10.716316224599442,-10.541501604357382,0
0.9118559801199854,-1.0660004613944378,-10.35942132764327,-10.461853860273397,0
-0.21359252997532116,0.5759812102076532,-10.041128660652147,10.518547841936828,1
0.01868310502848143,0.6308480920481926,-10.52985185460347,-9.764853851096216,0
2.4688410444240567,1.523564056161726,-9.794103801754463,8.978738177294256,1
0.5599597565393596,-0.39344694153058674,-9.930031448108528,9.045294073240319,1
-0.9915312929520472,-0.48744400101166296,9.040579646635088,11.210584534229405,1
0.1936003686979329,0.08703489964505956,-9.459976170698715,9.147317503004192,1
0.11962247322169375,0.237018909089402,-9.841503299682076,10.257162746601482,1
1.439090423526924,1.4882352150027334,-10.087366142956773,-9.098103029331893,0
-0.9986199769374878,0.9788338439196843,-10.699304463535926,-9.846024393312698,0
-1.0179149617169885,-0.7752318332653325,10.017641229515137,-9.972548962120353,0
0.9576424971075025,-1.8149280233154896,10.942241514179395,-11.510820525809725,0
-0.12234069397349419,-1.8001474166506437,9.650429247656524,-8.882654896928454,0
0.8599399825447012,0.465698530698019,-9.762426499516918,-10.89525255496154,0
0.5419987513055009,1.0129727961548118,-9.738227037577458,9.010853225260028,1
0.6778500880126025,-0.9184986777797459,-10.40598407771885,10.582659559976483,1
1.5669917619635316,0.9569314109211484,8.003880348387892,11.438711229137038,1
-1.1117604404017527,-0.6897320900454915,9.468190754945027,-9.257261555889384,0
0.06850291994412537,-0.41102742049420016,9.731512134074963,10.366651719665798,1
-0.3223736524622508,-1.350528415050829,11.642680196038064,8.603114124480092,1
1.0746024311318931,0.7245806604921421,9.671233169016244,10.540803269949592,1
-0.87558325879021,0.06756918866472462,8.500108409733045,11.244962661522798,1
-0.6931541860940219,1.0664648365254232,10.98658957341534,9.088169404068863,1
0.1266788294286947,0.26025296739880277,9.376339061974711,10.679508554416508,1
-0.5804571854390157,0.9662722231449515,-9.814832607856333,9.858127295081836,1
-2.0934782515857804,0.7450136314879701,10.57069910755337,-11.186135503087005,0
-0.23805282341333497,0.019026217488846132,-9.652652020258701,-10.005889362792175,0
-0.32713270547505696,-1.4237209060629272,-11.136156138290513,-8.904478426886913,0
0.4227219039842831,0.9509088332365628,8.74255567517947,-8.937184522053334,0
0.09720513630326261,0.6006709081619876,-10.341335303201703,10.051294035283306,1
0.9990737085004937,1.1549893024449325,10.366786280948116,9.912226290246679,1
-0.4406125282124114,0.2424238440391442,8.709886869774532,10.923709352077745,1
-1.8852395355568354,-1.1645577695355216,11.065214848321364,9.015828999115815,1
-0.501763611181813,-1.492994805907096,-9.76437764730788,-10.309958672817373,0
0.18326415171545452,-0.5784097749499745,-10.17130495021959,-9.189059251768862,0
-0.239643134647896,0.18498913523381477,-9.975395731064037,9.88599752451717,1
0.5667992413541795,-0.6812467363388691,-10.128794696340886,-10.68027660346969,0
0.023510515195588493,0.4352886485009953,-10.038209098219488,9.642151591297093,1
0.1849860065299265,0.9212724610447655,-11.045175227728055,-8.783698775240472,0
-0.13376462683269125,0.5660234248483994,-10.038860519401174,9.558711534945248,1
0.3574957923506623,1.1955585783736176,-10.276118378984304,10.879254668302252,1
-0.48455780814971133,-1.5891465832650915,8.93952618515828,10.822223060235496,1
-0.7924571066806311,0.4365190875008142,9.539958570250432,10.016944191320754,1
-1.711392652578071,-0.34925999042883527,10.878459002784,-10.575936310125035,0
-1.0709305158503686,0.6456802056286883,-9.930499317347675,-10.695428482083084,0
-1.2095390129561043,2.0921314795512567,-10.224784265347623,11.288385457713293,1
1.000139186709971,0.0306125792124672,9.597858892989315,10.417694164281171,1
-0.12310762033845175,-1.4121725113852726,9.686635207951683,-10.06950384403,0
-0.2211616244493581,0.11239919277731206,-10.683790561655798,-9.145968520885809,0
0.6348578586639476,-0.07481384807714667,10.014356179171854,-10.402501635547491,0
-0.39882024198264626,-1.0818006972655358,9.307080109485515,-9.846748224108312,0
1.5600775590356073,-0.1912475641399833,-10.782635013078652,-9.153881206391127,0
-0.7490088149568501,-0.17640242789170907,11.244278269841482,-10.899720063556487,0
-1.236135182594516,-0.013678655047914044,-10.032314329086113,10.565828680136594,1
1.4264238137043257,0.04407390423127324,9.090848518261259,-9.23432489992378,0
-0.8123835925639267,-0.4964513296146665,10.212819432833248,-10.333397262243468,0
0.07579796825188806,-2.38900186504455,-10.330571981813447,-10.312897301661677,0
-0.3063244089887184,-0.014617770101169061,-9.53208392228736,9.054574617916058,1
0.6952977434089604,0.42852142608297156,9.674597307783705,-9.664185509362246,0
1.5935702845148827,-0.2698029105370495,9.311752161743215,-9.394503995216422,0
-0.6772575109142804,0.8144143917471833,-10.274148756513906,-10.030976984421299,0
-0.49857718818527397,0.7818761097571627,-10.084711875859362,-9.512180153724866,0
1.1118383588423482,-1.5764344428378738,-9.14318435321622,-12.208376403101987,0
-0.5877375637261222,1.207073983059383,10.274555547175044,9.696873307774055,1
-0.8534503105693511,-1.3275240444772227,-9.588326446697913,9.826221361728049,1
-0.3651650489199927,0.3852656988025542,10.332369969515234,9.50563087008332,1
0.24342280271930766,-2.943158418343009,9.935907484206252,-9.7659587216118,0
-0.15499738043474645,2.5133730741479057,8.979970686805666,10.86192373738397,1
-0.7864214031868952,-2.7554505853510074,-10.127906227900821,10.522852747355028,1
1.8008506211853543,0.8305759411043401,-9.836847354730317,8.982853788414468,1
0.5969076592624547,-0.1961415692729042,8.864552171330127,-8.36003116609014,0
0.10798762288504443,-1.2889083306828593,-9.423478134869091,-11.601698250219965,0
-0.15006042253803556,1.568585100739754,-9.674720006913851,9.333435056913023,1
0.0062633236357189604,0.8485753614181976,10.737882872063349,-9.821561918299727,0
0.5716546024695066,2.1175676899618807,-10.208844058934481,10.56046057162141,1
1.0874616997982505,0.17781569571302827,-10.190858379185615,10.255790049397413,1
0.174269769377618,-0.5145677750015883,10.310962942381646,-10.53813261629257,0
-0.5429716938011449,0.48856072141451756,10.433561116187445,-11.600531415415531,0
0.39954512784811375,-0.07553549644761809,10.826618538453474,9.105307969665326,1
2.329465208166883,1.3261587706630047,8.787180675634003,-9.046674274710705,0
-0.2400298727653613,-0.37183104044081655,-8.002686764249264,-9.697467742791808,0
0.07166111067460526,-0.14384159630377885,-10.08660632843581,9.851499712123081,1
2.2461576726929104,-0.04072768337848094,10.488269467946854,-10.426125980104025,0
0.5587024582194732,-2.3232863952437754,10.932554474427157,-10.327871366304816,0
-0.13122910672140167,-0.13916277621337153,-10.344301798681588,10.963521238237018,1
0.18255275689788045,-1.1067765461145358,-11.330044614985638,-8.74935055073552,0
-1.828821093083406,-0.27099959409170515,-8.546838185803812,-11.15667227190194,0
0.21780384257413615,0.41414266043056897,9.467143416398793,10.437138521196646,1
2.4366575049636903,-0.6933449287665102,-10.58278650486532,-8.233414083589262,0
0.3740624967257472,1.6312389824193074,-10.218370561727081,10.116402044981697,1
1.4153135105262316,0.480263144445388,8.88197757707844,11.211182974855001,1
-1.3398151074318083,-0.8411605434874133,-9.723598791793968,9.399830197776552,1
0.6320359235771291,1.084613647539697,10.862764023625944,-11.171963695359471,0
-1.064958197092329,-0.3046717874891621,11.100240808166884,9.405963908807585,1
-0.1458092868392316,-0.40557938266007093,-10.005902779361769,10.160068265477562,1
0.6941665064758685,-0.5019011872826881,-10.081508126618372,9.59242641992981,1
0.647447838279469,-2.6807323218925174,-9.291276275171596,-9.756575498659773,0
0.8956316796455492,-0.2524019437938559,9.4124645227323,10.259653652650183,1
-0.6655390841992566,-0.20296953350392447,11.868479299702214,-12.28529601643018,0
0.42456038867051754,0.5356472000228345,9.413126376958376,-9.203558207638638,0
-0.03333599228168308,1.40034692997554,10.087643518107775,-10.921748936999192,0
0.7319244921409424,-0.3015345215120072,-9.981229836316084,-10.100001984502555,0
-0.5630747847604157,-1.299924414166269,9.14993499648423,-9.555717221308361,0
1.0931723416342127,0.8722212264449959,-10.004376363008085,9.503735476091295,1
0.29104627697958035,0.9501112434357311,-9.597096473695178,9.39243186416931,1
0.7781987149519526,0.4363913644750432,11.78902788036389,8.624139605889098,1
2.25756516105217,0.6511410882347918,10.457864741087711,9.571378975835248,1
0.8427919831148311,0.11235280451222028,-10.316892362456818,11.364091290291844,1
-0.5564900901729333,1.586123751603354,-10.23854569821437,-11.09123593998265,0
2.0902403719833837,0.47871682701200696,-10.328456724503608,11.087966674991039,1
-2.3638332627030922,0.7358865137794015,-10.314453119614406,10.940440683468776,1
0.7022097292943231,-0.556226673603122,-9.725982673430734,8.900335980958472,1
0.945753604352691,-1.7227741050146659,9.807845354295857,10.260163593773267,1
-0.9583594701187701,-1.3619202779460642,-9.691857920575039,9.363356635157992,1
0.5116435687926569,-0.38885635937214486,7.657170488022629,12.15784881792534,1
-0.35574062959709735,1.1198840428314827,10.294851471750645,-10.749544991615219,0
-0.601746679024725,0.3665408051315748,-10.11854503675417,9.710921135271589,1
0.20771305926315087,1.7232551901988182,-10.686678971762325,11.671626739702912,1
0.08910821901016854,0.7645597108471077,9.450237925880717,10.488344228517681,1
-0.8316824601596986,0.3608389927238699,-10.20109725062086,-11.355692226460775,0
0.009586021996510924,-0.6331819605135285,-9.747012195063123,9.700989585084475,1
-0.2137379614572293,-0.8058820109857346,-9.534361688157599,8.877958620838859,1
0.5855100869638903,0.5035068503573532,-9.766333790566263,-9.963590920533255,0
-0.586496834839632,1.2164694850365625,-9.769334568346078,9.022685018814457,1
-0.12233066695108066,0.8442558929624108,11.950564203968442,-11.215524857825882,0
-0.9802959402872229,-1.7949224683956764,-10.395606399948681,10.122590228686832,1
0.6071244487600508,-0.1574203622043116,-11.121929905343698,-10.077127470295306,0
0.5047292262848352,0.06547117683548599,8.879936079324082,10.859896362047941,1
1.4415961500736476,0.97877157003593,10.641775276893535,-10.449888326329647,0
-0.6352011862459228,0.4060790042729335,-10.398187426808061,10.55533434383589,1
2.28804021469094,1.3331365131857826,-10.48867058069198,-10.673344237430214,0
1.4248885187430744,1.052930615611231,-9.470056775094466,-10.432564257532727,0
-1.25839925977094,0.4786488791692745,9.481675366323794,10.527733512173985,1
0.092843342616246,-1.4956242049322734,-10.403475206168007,-9.264423134383112,0
0.49725546612227894,-0.6163610135076621,-10.966642491681878,-10.00866481783323,0
-0.04732138432888737,-0.6433523560992633,-9.925688844127272,10.059755136312726,1
0.24553853444757365,2.7927772179479518,-10.84646750186645,-9.032826540440142,0
0.2925021840559392,-0.9967752195387227,-9.59109975571232,-10.52515281835363,0
-0.595251970900097,0.8087762194714845,9.136645264472715,10.68757095104124,1
1.514186932106122,0.23291752345365932,10.14285253771894,9.876972902647726,1
0.3859847080358143,-0.5104690955833204,-10.701337092711292,-8.760633490343237,0
-2.0500104813911606,1.2921357294819353,10.052912707403472,-9.99398625152155,0
-0.14860768475020933,1.0939875920407984,9.528572191689006,-9.062946958478157,0
0.855445426728539,-0.4077920884184232,-10.42740494190397,10.89595899275526,1
0.31799876664949,0.8504855820398777,9.71762175753377,10.24315399953576,1
0.21432315861093873,-0.5655580403880865,-10.870403120302907,-10.359869020000577,0
1.2156148360506163,-1.3586798878639614,-10.142672980277409,10.113727141057753,1
-0.5148356337168294,0.14414484539509742,-10.237859322051195,10.222373228434702,1
-1.5769528699388433,0.5198661111909894,-10.236680904183977,11.10870270877929,1
0.8550494570073048,-0.9827033505106466,9.31801262310819,-9.423719100893997,0
-0.6524600864785015,-0.6970922149697308,-10.40571149624485,9.8530490298794,1
-0.6487667065601606,-0.4973611667464836,-10.433134084329156,11.13001168052077,1
0.042408215306523125,0.36109605647139487,10.098814216949627,-9.629089597085715,0
-0.7062572275501677,-1.1570332407599382,9.234944174348986,-9.08069414359122,0
0.7276114719998548,1.6930357118653212,10.21112515741314,9.881013173448114,1
-1.648052561583354,-0.07850374163515382,10.636319262803202,9.321465182505307,1
0.6925551717758133,-0.9174960378884846,-9.643508460166926,8.741753999607715,1
0.044245340901880606,-1.735277253815099,-10.411758563541685,-10.223645631462269,0
1.3141800881913235,-0.5574848109611109,9.753273932629348,10.37204104697886,1
0.8014638012577401,-1.0877164943645665,8.564965634523071,-9.159186971127967,0
-0.33457743352840175,0.9350354608889428,11.025801899356496,-10.780761621090331,0
-0.19303316454190536,-0.04355568136564275,11.060520861719631,-10.8135349699122,0
-1.3754177601611268,0.17978138848468925,-9.406710721445599,-9.012809506296906,0
-0.18332347698497697,0.101847254970681,10.580596381520449,-10.820991784131614,0
0.3557004116657078,-0.3884610917265292,-9.896736408276535,9.431466982828075,1
0.4063337094561113,-0.5337310957355632,-9.821180769406888,8.98973808210401,1
-1.2341869881561995,1.7325159323518124,9.356765762903354,-9.59265101481852,0
0.43121796717444294,-0.23102034477203318,10.32813803858544,9.819968395970514,1
0.20322586478213403,-0.012880180368726998,-10.928820069018254,-10.27484361134434,0
1.1349430021105391,-0.7090578963334727,10.31605324496718,9.646975969941263,1
0.6751140280218733,0.17334797912750854,-8.633246247209124,-11.51973847178869,0
-2.009230737139898,-0.37843868228788347,12.092646369063795,8.356371938160159,1
0.24678443572333086,0.4029822029342477,10.098338172636778,9.803028891550644,1
0.5837211999610925,-0.4762384759776257,8.459935216019373,-8.045239298700304,0
-1.2425231966456758,1.0661292659713764,-10.974134366109087,-11.14272501198319,0
-1.143327499332894,0.24957175156315983,6.833605890655946,-6.67043629903748,0
1.0972594619860963,-0.6334496392714605,9.438808026152762,10.45816642696588,1
-1.7881865262545296,0.7990434283483481,-10.592325439297998,-8.907521349040959,0
-0.778930466797093,-0.3490543421969107,9.161099651780575,-9.174129232915229,0
-1.4774021514597775,0.6448581960362207,-10.880247812541864,-9.457362553710766,0
-1.1580049311851779,-0.9983828901041109,10.149555932152216,-9.781652877078855,0
0.12916715591537845,0.515582266159271,11.241016295810173,-11.02677255187502,0
-0.2983268451332632,-0.8337395796771754,-8.723826248227912,-11.477472610562941,0
-0.040425133925164405,0.1029085384271534,-8.982509963886235,-11.00542360318488,0
0.5715613985965452,2.216075331892441,9.865840430765958,-9.628404658185692,0
0.09664263135344643,-0.35204283046734597,11.152737797389992,-11.386132091904196,0
1.9128740835617941,-0.06328570590223441,11.150365414103183,-11.1631239121119,0
-0.32143328197767196,0.8702897744455913,10.751069702766175,-10.927032779076729,0
1.6826051530091448,0.33052560346947485,-9.936999852454694,9.692713414962089,1
1.7505758939648208,1.6533775559887287,-9.957742387094232,-9.566996282823029,0
-0.9366068898345722,0.4241991624561083,-9.925000028598099,9.343876080763508,1
1.0397580104732798,-0.4105313849790116,8.590165920758476,-8.401941575131186,0
-1.086154195879901,-0.3680748433337362,-9.722725854119014,9.72143316224221,1
0.09487879903465725,0.6191001965259428,-9.57375733858042,-10.596277097084645,0
0.08558210601346934,-0.36535352737257326,-9.951686344559715,-11.637565737901705,0
0.4146814484135398,-0.23198714185775246,10.64093585787582,-11.223399170159961,0
0.018294552558525447,-1.6522861260831976,9.418370293001535,10.734747102490484,1
0.5449674090372125,-0.24438057205612984,10.601173784189589,9.565033020092754,1
-0.23140711158290317,-0.8199988787712167,-9.788197355850729,-10.077210257981845,0
0.46731603090594936,-0.4664593470757221,10.5962071449391,-10.964911451453295,0
-0.41087005278441213,-0.25299863820600954,-10.821741023534765,-9.317811296716954,0
0.16545678919469323,1.6408317629682745,8.652880890754512,11.055051487374257,1
1.1833978356704284,-1.2690252799769004,10.983427051690565,9.29940160163304,1
-0.7487396667473337,0.9047165415845859,-9.012687199837528,7.9695423147704965,1
-1.1165521715931186,0.5293665571816817,-10.43407456442973,-8.759243318414333,0
0.16385476263759916,0.4139883891242612,9.79827124644731,9.985648546067686,1
-0.7516604234630027,-1.0655568950597696,-10.7502359657474,-10.888969328974277,0
0.2161816077797352,0.4642363279309378,12.006991957620858,-11.691713478499555,0
1.7288726817586348,-0.6103088430304491,-8.863430078151813,-11.888876882106365,0
0.0514806241508489,-0.9334648686259275,9.659104118236959,-9.755136949327655,0
-1.0443226805282877,0.8932885411125788,9.026783943598268,10.877219027198509,1
0.711437473786803,-0.507683412492302,-9.380823159490099,8.394878471471246,1
-1.9771172235307797,-0.2594108922051897,9.101982008658654,-8.535399281556607,0
-1.1466253843280598,0.2973154034773521,11.784856626401188,8.420168449283551,1
1.0541452598902437,-0.6073687052894361,10.978618277378125,-11.482998271832784,0
-0.6516643186141884,0.31929672563192846,-9.987790478768565,9.435815075850076,1
2.7620094671446465,2.5408773687016613,9.084980991126281,-9.158153298185054,0
-1.1290753915661615,-0.4281400054143779,-8.895660393166652,-10.286435720486118,0
-0.36539352538708486,0.5676761659513397,11.620618919732227,8.334504545987443,1
-0.243203698133761,0.2534777113230196,10.834792086483779,9.324754347307964,1
2.058432592508496,0.6171987622818669,-8.821764927255485,-10.522829281949559,0
0.7523168061437377,-0.5200630851730182,9.818185569603695,-9.682438708168846,0
-1.0097109758060385,0.5745116123078348,10.833966318569649,-10.806008741317251,0
0.8911352852665734,1.3051887147957202,-10.833360127554608,-9.58355347456099,0
-0.4953631271260226,0.1372975056180892,-10.221604635571842,10.728921680357647,1
0.2885405294518094,0.45479729845208905,10.577457391308915,9.634664686307772,1
-0.6966636967164056,-1.0304262132511428,9.836714725652998,-10.749783824028569,0
1.0373726068352487,0.01708483466478313,-9.700764356699423,9.905042646390175,1
-1.8253265351954326,0.5229165419465956,10.500540521748846,-10.181322438655739,0
-0.9313455257341905,0.033199637980205574,-10.191671405898708,10.17374634276971,1
-0.450583769785443,-1.0588160528403843,-9.287528122868359,8.485501677093454,1
1.4713029331132488,0.8096073410308889,9.940672669647713,-9.369661434027499,0
1.498258607364925,-0.806922650136461,10.749573625081586,9.26364054145176,1
-0.9185554423714829,1.045033256333726,8.594882174630982,11.372426727237142,1
0.5940802966029893,-1.9459851477878334,-9.92791606060951,9.139812783253445,1
-0.6251484780490516,0.897950467636982,11.178464191331361,-11.657289929265742,0
-0.932356118064278,0.47710693366029905,8.405890402381907,11.604840132743345,1
-1.311231412747344,1.7639151030562688,10.635291779481921,-11.44702682399248,0
0.5942805834613564,0.44092304034264634,9.765797320762568,-9.651998888941737,0
-0.12806639153077187,0.45781661920481287,11.321914936500221,9.090298699439881,1
0.6070632139157831,-0.9178602665402288,-10.267590208486537,-9.878509988648362,0
1.3536409095854172,-2.6181153405943536,9.583571550283198,10.136843193871055,1
-2.375264716575948,0.44080198713797675,-10.30041531951846,-10.253368065110774,0
1.6215988330727573,0.2776296695914283,10.894317282323629,8.962263945739837,1
-0.0746162817440527,-0.16284899519323,10.382399319416304,9.471870208594327,1
0.13831194145860715,-0.9851845118219258,-9.934969747250657,-9.442442773962822,0
0.4528071929923184,-1.0837248180472239,8.351154067009363,-8.03844995425617,0
1.7778346581966489,0.0917002262543059,-9.883941748374944,-9.485908532701764,0
-0.7422510838152174,-0.68173444014535,-9.118766769720992,-10.697760755144147,0
-0.015459534991610641,-2.048027064970417,-9.933111626795721,10.899890384802564,1
-0.20107477004135452,-0.05894960896812272,-10.00741193991294,10.231172859014055,1
-0.7098963413147217,-0.2313154803439553,9.575046852468082,10.103660210351961,1
1.1604893490845776,-0.6002979934418184,10.278821396274283,-10.709253174107747,0
-0.6187291766784309,0.08557743980628996,8.962576755811396,11.036897348838261,1
-0.2375209992360402,-0.8617102010442376,10.172687779461937,9.933293407290625,1
-0.47593151170217696,0.9366436798934291,10.497810820773372,9.613922552130369,1
1.1256560375036537,0.5571039642282306,9.584763897059364,9.839186992945816,1
0.2720535478818413,-0.06053511641753515,10.597140939084223,-10.420348424380197,0
0.9052959236666864,0.6232336711836767,10.940281648229501,-11.483271748145544,0
-1.060954353006344,1.0534547608016165,9.8719644493042,10.379994305699652,1
-0.005937907651995389,-1.8474813962651506,-9.646968243917472,9.117067795913345,1
-0.12895422064278142,0.2359839726052587,-10.923333213445826,-10.251901703624862,0
-0.42631823532882773,-1.0513000703101645,9.634058627403688,-8.950515418700775,0
-0.8956227460257141,1.1223116295749973,-9.825915923584617,-10.81293453184486,0
-0.40828862921393344,0.6200425595086297,-9.858465160157268,-10.417692641415584,0
-0.8030164119505683,0.005337858456705037,-9.980278737173816,-9.833617471070859,0
-0.3137055705682162,-0.5049809600853609,-10.034530197435334,-10.630083273182665,0
-0.7140453330730019,0.8455088236341474,-10.238430472408435,10.447571199348577,1
1.6592137939755667,-0.3846342876642005,-10.31785951081217,10.72316128996834,1
-0.5907351633037218,-1.428043940992768,-9.377248263395893,-10.217378193211877,0
-1.2399191094072657,-0.20561642735342034,9.64072841415389,-9.403419605675527,0
0.5760637210547289,-0.919668802081332,-10.570343477166022,11.321690277113984,1
1.369344830354844,1.3745310921213956,10.696061811022743,-11.152736626728629,0
-0.14838022335373133,0.32313936252987807,9.730990073020253,10.086307736898927,1
-0.04171270560630478,-0.15347164121861792,-9.479043655052623,-9.74535258342013,0
-2.489696506822309,0.2205716350691235,-10.102934025324107,9.557992574407365,1
0.4100660535264188,0.2159432809045971,9.597574072523647,10.584517854236056,1
-1.881926386603252,0.6668062495347344,-9.438414257208384,9.1157259987228,1
-1.12768389738545,-0.4259268607582217,9.163136872929199,-9.557708153266454,0
-0.9260734565153773,-1.4265111738586524,11.964964201402507,-11.697482403730206,0
1.2959024798989085,0.4966318885168682,11.09381099194695,9.121785882784884,1
1.4375686259525522,1.0725089256084708,8.805507788939215,-8.586594146885808,0
-0.2593236420805739,0.6364195805528736,12.062431117246867,8.165313215957813,1
0.6124263594882772,-0.022714554555411368,-10.214080556377551,10.882153002904015,1
0.9671781413072259,1.517029979953591,11.131139752594624,-10.952078976856502,0
-1.2796655635549663,-1.1483813663473736,10.821663355687587,-10.462960981308244,0
-1.5760428475872708,-0.5009901270929198,10.843608335528643,9.259334170944548,1
0.4395455898485487,-0.05198768485650664,-10.129687438002279,10.252363010877339,1
0.371517252567626,1.3181653621623326,11.671140091301707,-12.259459878364249,0
0.2884647115368748,-1.6735872516813437,-10.244142206266813,11.139585439571322,1
0.9451898851232641,2.8189140023998847,10.674933649659913,9.368959973356793,1
-1.6402423851484995,-0.9784816846123991,9.01720436500716,10.950696813627347,1
-0.7045224420939507,0.5454997829952527,9.567584569114581,10.266915040000704,1
-0.1529403817713564,-0.9053978851416696,12.353733337714054,-12.321471653713179,0
-0.18965096616244456,-0.4045459920184828,-9.679125167313693,9.93310413170414,1
0.2815720293856105,0.19068181236737988,10.043046198702886,-9.877757910742652,0
-0.6944784416991583,0.4594194687527741,-9.30791571808671,8.085309371721305,1
1.4835128162500113,-0.48802754726166386,-9.680534082360426,-9.664648262367018,0
-0.44682793253853925,-0.5175470763432287,-10.333055263392772,-10.366564029904964,0
-1.634876399062176,-0.7294925530244686,9.83939500553684,-10.248773970829015,0
0.6303682968944697,-0.6391130950140446,-9.65518746338972,-11.029100603416364,0
-0.6178445798879884,-1.0026972446099809,-9.63579297286223,-10.189718455403309,0
0.5031072030965746,0.920086749371947,-9.430144440567572,8.711165577746346,1
-0.8215062173597647,-0.7307076405332905,11.610635385272484,8.764214485296677,1
0.9848680506714173,0.5523487854676691,-10.01908415634314,10.152936859954574,1
0.16074210388868646,0.2581980643088722,11.537459406365926,8.817458074315669,1
1.2924651051441518,-0.09568661720811547,-10.023526065444821,-10.037246163826763,0
1.2179198114073682,0.9881198122648929,9.032919136853454,10.796937138084472,1
0.4102813847254452,1.0390973646812092,-10.10959700349312,-10.920896156706922,0
2.173169071597184,-1.0901518669883348,10.328023056945009,-10.54622942131349,0
-0.6900911252549183,0.08697022716651939,-9.456550964365174,-9.441024125425525,0
-0.30538159724959313,0.43107509380380993,9.95697224281347,-10.2171699645442,0
-0.23117494383710852,-0.10521098621878991,-10.119204991453957,11.003378186509675,1
-1.9305704979023282,1.159506025691044,-10.129850450849709,-9.568819898435034,0
0.8985623391921481,1.2853421151845426,11.642296288432107,-12.16131989501117,0
0.027833979761002096,0.7456199505060804,-10.070608788210281,10.885111356775592,1
0.36106056427504174,0.8790668452525758,9.78682206221445,10.268629238505355,1
-1.6948105243553346,-0.7977825971909219,-9.265785711718808,8.025948256901104,1
0.8643401812452274,-0.9130062200577999,9.315733209144797,10.48356179216614,1
0.43130872682500093,1.908740420060203,-9.94306990316614,9.227140075266869,1
-0.383440744386948,0.04775197111659188,11.123490278999432,-11.398782798485339,0
-0.817142716034183,-1.552694357412362,-10.316829371782571,10.60441968958917,1
0.04762664466337688,-0.05035653400706932,-9.417729116778519,-10.624362515733303,0
-1.6520838768458872,0.4972005892866985,9.309885531888922,-9.063291958981877,0
1.7222107045962274,-0.05543146990710419,8.816019809739188,-8.135758712629563,0
1.164391577015335,0.7835317711352067,9.988501961412924,9.872422611238045,1
-0.14217711541083525,0.6362926987011915,10.690218537916223,9.490547989896442,1
-0.22235512115411338,-0.6180643092447787,6.992052301632748,12.569825456358714,1
-0.062297929396446995,1.4201649133720726,-8.526898218186954,-10.248993154956768,0
-0.2626555188722979,2.3520912740225657,9.258904416276325,10.951811024499435,1
-0.09542624488321311,-0.7719829242985434,-9.097277032081804,-10.007379761466352,0
-0.14261225384805254,-1.5493591898773935,-9.386556145733179,-10.482290562063625,0
-1.1202814861090644,0.13975302984955928,7.893239824964321,-8.164799880744859,0
-2.2989397855400053,-0.10611843292896014,-10.474209528586302,-10.256370665137112,0
0.29852902818726,0.16228523877033127,10.55301414214884,-10.713199597604044,0
-0.8278021793450829,-0.6783802584431062,10.114504588278496,10.103007064941398,1
0.04239317193855463,-0.7123491779424437,-9.27043837282393,-10.623142921059623,0
1.3889425213538424,-0.5899251202711475,-10.048592201042847,-10.727177175392072,0
-0.03588442117397787,-0.39053548941429156,-11.080767825495844,-8.802408512325707,0
-1.4523601441519134,0.6587696940223052,10.210090426065424,-9.985793111100248,0
1.5896436224601862,0.07243055354938883,-10.64722427474362,-9.304725190279504,0
0.38304127459546233,0.6780368703686124,-9.158109957867765,-10.055346017288882,0
-1.521161821664373,0.1457424590409009,9.369499326402137,-10.36750056516741,0
0.7495574006109216,0.871447541015744,-10.268845162994442,10.562334231348608,1
-0.5404212352486523,-0.43557737540924396,-10.224698709255383,-10.292764759577723,0
-1.1771041493912633,-1.5911384827143973,10.190224434067627,9.72318040971769,1
1.0394966429019554,-0.7897155811648289,11.038609836107167,9.154114790813694,1
0.009112618636991612,0.7439835436247031,-9.960159663373833,10.385286191865662,1
-0.696739653201852,-0.05487536420113738,-10.399981898900204,11.53571484152329,1
0.6637397776910613,-2.449409593678299,-9.045542346326371,-10.94795582796728,0
0.5757059219898294,-0.11777382138863808,10.268930153400646,-9.489666999801068,0
-0.31644640135190866,-1.2800289016991049,-10.138621204304528,10.096462132189817,1
-0.6083993241983519,1.4064165925451606,10.708365171496125,9.39018263052577,1
-0.2865755998395227,1.1519056200703592,8.822695119885411,11.002504209997184,1
-0.05422790672652482,0.1740360327485837,12.27132644801167,8.112657511431541,1
-0.8439506812432148,0.13372526785667152,-10.390970413750335,-10.006913093630478,0
0.5140031203214186,0.26964671477938884,-10.024059292449975,10.154093622311862,1
0.2298449624926042,0.8292937457404377,-10.137885211067784,-9.356527272827686,0
-0.4738123041095176,-0.11562643581578742,10.311869194362576,9.736288364894463,1
0.9815540267387055,-0.8776195059176862,9.633028226816254,-9.909812411038505,0
0.8583369992726853,0.7170247548273667,-9.742047255895056,-9.255965920575257,0
0.09267240618209198,-0.2498757073859399,-10.269130444195403,11.07651311902362,1
-1.6172214071721849,0.14447318282616842,11.334641146112473,8.668836912620183,1
-2.106857542065726,-0.4376676043473562,-9.649850614067633,9.071696224744812,1
-0.49604256824123266,-1.2243368660640368,-10.099505501091958,10.51943149926337,1
1.0356956208795978,-0.11530672918508232,9.33100452068238,-9.364686887601552,0
0.24185677098025693,-0.5696802022011803,9.836530082020259,-9.96548017765266,0
0.8965627324189609,-1.2099371971768222,10.237507090143593,9.70090853323276,1
0.4660635281135102,0.8827635109646917,11.166887117555635,-10.533247677602997,0
-0.3962302919944759,-0.6706153361458042,-9.887697471273832,-9.511402747955835,0
0.6786541860602142,-0.1720993089640653,10.638849868210363,-10.370425557222902,0
-0.006837240346549481,-0.9638627416824864,-9.784567108027893,-9.541243512921644,0
-1.2138578106328552,-1.555790053858249,7.592228983472679,11.821176780655463,1
0.16780165961327245,-0.6235553544696795,9.708454793170347,10.41591667517936,1
0.9083581628868357,-2.5112748989091194,-9.980252380162872,-9.243506759591101,0
0.49420162984463467,-0.2431379006901865,-10.215992603650687,-9.953727943055613,0
-0.6000197067652103,-1.1016328072515302,-10.231988182894705,11.430900335796371,1
0.3687384089103602,-0.15977477037754512,10.03891223210093,9.882205417966318,1
0.5130776732877006,0.6766344041048024,-10.088272882745452,-10.177951692480784,0
0.14510739467078024,0.08336382576747169,-9.629172367374949,-10.11292024847042,0
-0.5881549469151334,-0.6001883680171316,-9.24670371357565,8.109105676397798,1
0.14539094575060582,-1.092435407419019,-9.542528261842481,9.25116785816509,1
0.8075985480318856,0.27036606553128595,10.701575994709959,9.476841840303848,1
0.6979038232052149,1.375870560099263,8.296958729454843,11.453052468500516,1
0.7201647255969044,0.47490030787135323,-10.380836955142936,-9.436905515394413,0
-1.9887209707793971,-1.2758414352820737,-10.20100176707365,10.356469213766546,1
0.4267197456039633,-1.8156100299693887,10.849899485088061,-10.478593547926527,0
0.42045991052085024,-0.2439123821866777,-10.050172159094735,9.4619610449579,1
-1.5869766660374531,-0.6052725523800588,8.654930389787005,10.915831426843916,1
-0.33328387123013015,1.3088705198039903,10.628664439709386,-11.4549456973151,0
-1.02646026653769,-1.946595154600513,-9.839342620083544,-9.337926602238936,0
-0.2601903180454348,0.4124627074242796,11.1154015981741,9.130521054982982,1
0.0341530898980907,-0.725870925687014,11.27445314840457,8.80379203627035,1
0.6072156856206536,-1.337212012658391,9.15848256914405,11.00467639440771,1
0.5948129155880949,0.0653789596421964,-9.999242568962657,10.466466097003646,1
0.12316865139761232,0.6550331369987226,-9.866507654475074,9.979745885464133,1
-0.5773321397527067,0.29094872661969995,-9.814153258996848,9.597970295019035,1
-0.5168632476689452,0.645803326063981,-9.842153672263326,-10.44767838903934,0
0.5066945202281009,-0.9998659790258989,11.666351109686635,-11.666085795576853,0
-0.7694107164535093,-0.30156469444345074,10.044377116733791,-9.647160629695136,0
-0.696952833450566,-2.631464841716418,10.815896690920084,-11.461688181237898,0
-1.960722483813672,-0.7387538320928655,10.68819421926867,-11.39686442182332,0
-0.06856682422988851,1.5500301907744616,9.412963130827302,-9.08043172237377,0
1.1560689340779433,0.9968556208372672,10.774392678548425,9.312124362437224,1
0.9457272472383433,0.2133938152899213,-10.03921095764848,10.074258942785532,1
-0.2697991228607058,-1.4461255057503857,-10.41733410467235,10.449152199906937,1
1.8136134524773955,1.6998539921062565,10.316001133429497,9.759184356574728,1
0.460558734701794,1.0184152164721334,-10.264756395317475,-9.845179907153156,0
0.563663585847881,-1.0741682896656948,10.525335481189119,-11.482452280601638,0
1.2242976365801057,-0.16334706174778393,-10.352065769181996,10.543232172483302,1
-0.23140434949888355,-0.9915090391954118,9.743869678073414,-9.637655940419632,0
1.3946016365276117,-1.1273799189772267,9.104687634747085,11.000190414200013,1
1.2779350031860552,-0.1586809870704955,-9.848491541851002,-10.596594474615383,0
0.6539624205222955,-1.2163581388185247,-9.37858946969848,9.038066778972311,1
-0.5259454328538499,1.8687816087291802,-10.56955646325738,-10.264588239835465,0
0.5614596708008521,-0.7725934354383818,9.448189680445354,10.575334321199385,1
-0.3546796637116625,-1.4381452667594392,8.011840862798785,-8.103751869025913,0
0.27547563283944726,-0.579300397962878,-9.495711566573208,-10.70191048388917,0
-0.5390401920617078,-0.6334843363109349,10.959497805733717,9.275433545118705,1
-1.6062130682982185,-0.6108815049828323,-10.138600169797456,10.307309481515249,1
-0.8733664640286187,1.6376046735547616,9.421801161660479,-9.782785966815519,0
0.623920837250474,1.2399311051759103,-9.804051425142367,-10.831179084760318,0
-0.7842878980631386,-0.6103971492737417,-10.452363352060797,-9.965290593174226,0
0.4955815757532825,-0.09351436322175727,-9.769391023847012,-10.938906062952983,0
-0.7437376063450611,1.8430003833151087,-10.343283523251353,10.86030084733828,1
-0.34501737770397684,0.8683274541698198,-10.382409354174147,10.844126332673616,1
-0.7333371575495724,0.670569944902884,9.697904071939755,10.173921121881936,1
0.13889895203955213,-0.1738275477149715,-10.233300542284434,10.52965705696253,1
-0.3955392402943844,1.1419653401398162,9.187916585882784,-8.576410236375457,0
-1.8631810216782012,-0.4311689059333437,11.932753241268847,8.338371732199994,1
-0.01946084935358068,-0.1852840423867173,-10.027618448331772,10.199723236423935,1
1.2396457502839413,-0.45922328520164996,-9.179080355220782,-8.99029882767976,0
-0.2974715775155763,-0.7491136599043164,10.03247627659159,-9.666349264074562,0
-0.6976753174281342,-0.43385202891902225,10.016435063760127,10.050418306702554,1
-0.190824822612432,-0.7257977111402084,8.79321515479503,11.015571147662074,1
-0.6955802729226125,0.42128021873240373,8.728685755504433,10.971851176511512,1
-0.5045045051561793,0.5850197060966549,10.022306496822877,9.9712595554965,1
-1.2698322456980686,1.7243673619765232,10.408011078625005,-10.429102530345384,0
0.44502519494726483,1.1618359014311521,9.338365545796778,10.428115015699639,1
0.9890006416062003,-0.1340349537891919,-9.766653156545466,9.691621610421432,1
-1.2867991595894361,0.049756463525514584,10.6441696747989,9.573154296939611,1
2.3034971617703146,1.1905214696769661,11.983125511722875,8.255077477174899,1
-0.3871626252863059,-0.9558964666482339,8.158797118148646,-7.8791242407139475,0
0.8448636841360709,-0.3666156431870846,9.72360399159342,10.27643992324031,1
-0.4737262003406366,0.32936125518451004,-9.917686938217741,-10.473489550484109,0
1.333014435593334,1.2899487461746408,7.948170056896957,11.807642763225713,1
-0.5929615771523143,-0.350898867017269,-10.61663966933489,12.210247695170851,1
0.04337436003088892,-1.6854170984823453,-9.619933761624306,-9.691431119999256,0
0.8799757372592953,-0.040417802043245854,-9.706741043244222,-9.231488231584061,0
0.03189315564681411,0.8529301393183072,11.554610069603513,8.772981614046492,1
3.284823822324994,-1.0810181580037637,10.75775437457702,-9.736769198410128,0
-0.9749566352649708,0.5522786477348307,11.548953418276117,8.38075335645433,1
-0.49078208799995876,0.42109257870251915,-11.21866285086849,-9.859356761210837,0
0.18161832552699178,-0.043785135759797825,10.368135137806016,-10.658395956663991,0
-0.5962457481888099,1.4421755734899773,10.976427658328276,-11.928425096662657,0
-0.9835805881838294,1.3886595239273423,11.68884955246177,8.536520989886368,1
0.5827598168557411,1.6960138804267202,-9.469803203934935,8.905844382520876,1
1.8231085254179482,0.19388118687658198,11.091315171361313,9.161309272785285,1
0.283475029946285,-0.38469685636267476,9.386220244607035,10.638703975313653,1
1.647441837714759,-2.311719458010278,-10.216671163456947,9.31363815653307,1
-0.27142745228660115,0.27519093253705024,-9.118847710806183,-10.401735956189343,0
-1.3485537760347224,0.17329965745083886,10.393131411863877,9.894753846592872,1
-0.7395144457461527,0.3598617398429149,9.899682442530793,10.030753562193732,1
2.3107500428950587,1.6073021052135172,-10.041155281819306,-9.404967995246285,0
-0.08686728698671846,-1.264310265398444,-9.615908459642418,8.737842870210589,1
0.03475252291653509,-0.35085771668405924,-10.744575124798509,11.563660112656013,1
-1.1221275091470775,0.2629706121607154,-10.576367243950958,-8.787348457246697,0
1.720942227332425,-0.0015922282453809395,8.183815115821874,-8.358989559479923,0
-0.8056795876054647,-0.4081936480267179,-10.442270787402864,-9.36176389139541,0
0.6687296550208895,1.3099237915558806,11.10360530744713,9.196287669792765,1
1.1584692130838017,-1.5010721417800772,8.927838290866607,-9.066733308092465,0
-1.010238998266872,-0.7630995746160262,9.823665839699196,10.101982320160483,1
-0.3933501469667084,-0.6068862697176092,8.549025177239699,11.221333496111367,1
-0.45555733217631444,-1.1431888646153636,-10.037727553137747,10.108050191230989,1
0.9713290292762191,0.13656780884999162,-9.8678774783391,9.412343849547272,1
1.4371962454821314,0.5607841147152716,10.542620194796573,9.235916354924559,1
0.9981002405232025,-1.372138464814978,-9.779402792331682,9.599192946207165,1
-0.176555238083611,0.04827843333827051,-10.388568031999748,-8.575208952420079,0
-0.8492654269802106,0.6038361482538454,-9.72670267540155,9.528683531656688,1
1.0822464175852908,0.4942119837827493,-10.019884331145654,9.97211634228631,1
-0.3047317853375514,-1.8363925524915101,-9.136238137710274,-9.873964491306303,0
-0.3522908452338775,-1.2351790973292034,8.986694270366701,-8.620905056702494,0
-0.9499185323924298,-0.501179013928276,8.78118845604145,-8.411097937885181,0
-0.1059650340307341,-0.6363131406787358,-10.402610734019918,10.461983726536253,1
1.3721664287556383,-0.5305079705638394,-9.433058371047242,8.745614438711772,1
0.9231779195434141,-1.857195693965322,10.128979313432248,10.150136893833634,1
-0.7336981670865871,0.08637150145295042,8.749404423399291,-8.009781755534153,0
0.12356552877947247,1.2169890377399162,10.789000235563563,9.706844506167679,1
-1.7291114182489025,0.3545686913132154,9.801018286382597,-10.004270775433397,0
0.0021429960503078944,2.290041666591471,-9.3943312070844,-8.77623050334123,0
-0.01685239233351977,1.1980571472722579,11.433001652435406,8.686829648680705,1
0.620449057795008,-0.02841033384233539,9.572687110997306,-10.251040312730908,0
-0.6856447886651086,1.2487465160894673,-10.332756222969367,-10.676354337155228,0
-1.2330592153967537,0.42694687991881036,-10.351438567525069,10.287332294821521,1
0.6137110034038488,0.9211693616782444,-9.847652456953565,9.237928822054336,1
1.1073308909825996,1.3953022627646772,-10.309511353329484,10.495556823895686,1
-0.38212034746930146,0.26434154844482555,10.013908310735312,10.199739037592035,1
0.07771001589045315,0.3424125809849431,10.078241551751242,10.018520985311142,1
-0.5482768212287653,-0.1644069974035089,11.072742667332294,9.374488596598349,1
0.5408059595239233,0.7632840322358236,-10.012300267550971,10.618604211845229,1
-1.0883288046364776,1.3877100843631756,-10.100746779669413,-9.133688301376012,0
-0.07145325175604773,0.35818414250979536,-9.370971028488444,-12.127814244616102,0
0.38853611378559016,-0.41207281177410754,-9.354631301631754,-10.694602148495752,0
0.4044493450736247,0.7603299927899733,8.226368409416548,-8.097319418695674,0
-0.8847407049381876,-0.4151478862378077,10.539658620266565,-10.035069429454635,0
0.6322685917933082,0.6939603731947617,9.513921050308076,10.92817649697054,1
-0.4372168837992508,0.46125957574826354,11.341199450211626,-11.54210802952291,0
-0.26065351320584007,-0.14935814937265213,-9.76896527203888,9.093865548807855,1
-1.5003858623315462,0.2220783744182864,-9.968528262685256,-9.261311053055223,0
-0.5330762345358279,-1.670206742436607,9.248947103341266,10.344683718374204,1
-0.6995820702952409,-1.235059446073955,11.556569912368388,-11.64619713984431,0
-0.4376456416714356,-0.6708477529534587,-10.47279575268754,11.373255632819014,1
2.486644235539958,-0.8600030453973738,9.176356268865177,-8.588208971492822,0
0.35677489290554937,-0.21451351717088157,-9.702634474964901,9.675822080324297,1
1.7103664324027967,0.5312240419557133,9.414067670902272,10.344968578127823,1
-0.13308980627824696,-0.06637088043851423,-9.914864226463012,-9.426721520054327,0
-0.36979642503416177,0.10133541887834645,10.053139664559676,10.269160788507772,1
-0.4225790698155696,-0.7123870970590293,9.853137519212677,-9.789256564440612,0
1.3428588070743157,0.8669300605763283,11.19960797034706,-11.554352223160098,0
-0.13491801878799564,1.3769465889240573,-9.928581672967967,-10.630859532952776,0
2.800460515563831,0.17060892248712423,-9.849414382276356,10.158950748174146,1
-0.562483644974678,1.430374974762466,-8.991542380608427,-11.443268214022288,0
-0.8718723705426203,0.46629829071921536,-10.140533042487109,-9.358899592228374,0
-0.22036688862503853,0.41014858413139654,11.528171802158361,8.608404860430419,1
1.3587243893508736,-2.664426778333746,-9.444053459471071,8.685058091597634,1
-0.5757905434463889,1.0345264344784717,-8.158041483738476,-10.851757444222233,0
1.3070928034389853,-0.27366542202427124,11.728484760923244,-11.904221745664909,0
-0.9393242036136441,0.40383152070129164,-10.158691719168774,10.074287569230897,1
-0.11103485906961967,1.1964540051705852,-10.675369638224517,11.07176680411633,1
-0.34639849028900765,-0.5005842419010511,-10.200723198558435,-10.83656209112412,0
0.8973062376331692,-0.8818190665784326,-10.000635455302872,10.014678814452706,1
0.5049991746283751,-0.44273242106228067,-9.093367103599101,-10.171054360085257,0
-0.3319254709777729,0.5411566399696807,9.699614682166354,-9.521380448928728,0
-1.221063603300062,0.5558953748570118,11.493867732082885,8.601204749500905,1
-0.7377380933538943,-1.2239022849330634,-9.224846170336225,-11.443655913806927,0
0.6396323043254085,1.965482812371881,8.849910008522011,-8.781998480611627,0
2.454222685788064,-0.0013102392983445831,-9.984655656197512,10.422192477824945,1
1.9867635057818656,1.5041034252324752,8.712447139644349,-9.032489888298372,0
1.0430081400785916,-0.33684641115964953,11.925677182125169,8.392051450402864,1
-0.5386291346260514,-1.837882975652986,8.366969292982112,-9.31473265189934,0
-1.2258365912083569,0.9798576379842968,-10.475517473989855,-9.100199054741761,0
0.928094832817307,0.4262733458635665,10.220098671851119,-11.157752225863696,0
-1.429995590599342,-0.09967202642904709,-9.794082272119079,9.268293636581287,1
0.1269558724945825,-2.22966426346412,-9.915487101576119,9.945875541159982,1
-0.29986878329521516,-0.8219388982189424,-10.096618061836587,-10.36545480535264,0
-1.0088504087350991,-0.12427481992468656,-11.958692138485375,-11.049756646279416,0
-3.2932532485013812,-0.23728360694678605,-9.86734074072395,9.829127806142814,1
0.14773203084565179,0.3749161334788589,-10.054659363916878,10.12305368647948,1
0.6851773096458768,-1.1453583389947881,-9.01330082020321,-11.243963903740571,0
0.0700760162376253,-1.002067819352912,-10.613174653475625,-8.557115171276955,0
-0.8293727641655295,1.4241924671702257,10.859707654404975,-11.188770203065994,0
-0.09734792396164468,0.7409598471420153,8.514815981411338,-7.916223128370392,0
1.403745708425622,-1.12242367048563,11.7175261071134,8.400547603058575,1
-0.9519126165621317,1.0477778413867396,8.761686751481783,-7.566813108958942,0
-1.1493544207146869,0.7913800955186505,10.525080964800681,-10.18439978274783,0
0.9494913230952646,2.0294146489218114,-9.067215656534195,-10.986942485919405,0
-1.3083006988130947,-0.22169736147947405,8.748499609158673,-9.118290720492602,0
0.8065600104276283,0.5414215755502788,10.407587035850954,-11.150773296282754,0
-0.28774586600013796,0.6472685780339582,-9.819171911229692,10.167633340621302,1
1.7369135349649099,-0.16294676954503692,-10.083720837974926,-9.81846501846226,0
1.2653410484554746,1.0924027565553107,-9.482232262110319,-10.585643546141682,0
-0.42311620954038326,-0.4070448453501269,8.858846136151362,11.127776404234726,1
-0.8172307939403476,-0.384421700768137,-9.987314798909754,10.64828113115646,1
1.4224577360375388,0.8478323149625623,-9.829057385406962,-9.93614073842379,0
-0.013627132961130103,-2.1361527839160663,-9.85015804475584,9.875262777547288,1
0.044488326876900124,-0.9104434799011077,-9.621701329598201,9.425805782804236,1
-0.07009993922328131,0.05280889837606902,-9.69414701942297,-9.70769022408026,0
0.47976610943728615,-0.41133101484835394,10.071777211870184,10.086838810921302,1
0.36431866385996925,-0.49896901498164237,-9.110140361689973,-11.0162203225335,0
-0.4742102629942316,-0.004230078793101522,-9.617040340020443,8.62512159445956,1
-0.9666228088877752,0.46992561002403394,10.936546801108646,-10.552334707007192,0
1.7954917077050285,0.05513608622276815,10.470629872551111,9.323518991708715,1
-1.1248412043765468,1.6281345858974852,-10.251711478653416,10.003393152248535,1
0.5006655996559806,0.017309739574819873,11.502164715064911,-11.863686587072317,0
0.8768811429522438,-1.119454395125656,-10.187976344281237,10.951653912322115,1
1.3430330831029773,0.055973444738994384,-8.670452866101895,-10.775996925735253,0
0.9965401237590943,1.3917836107417814,11.175646462390374,8.980031852254843,1
0.09028476550038361,-1.8381387331367776,11.35247686355939,-10.887035413295036,0
-0.47170975179582025,0.028303702971835727,8.612819243952032,10.94647332008116,1
1.417471760073557,-0.5921218114862966,6.596682029392532,-6.156032349867491,0
-1.4882184359357689,2.2668316819647125,9.723817834964281,-10.031085362311599,0
-1.1888492156814965,0.4268604125910915,8.81436115360049,-8.845438525229962,0
-1.137706372937375,2.2474716048182692,8.760826133078323,-10.509929187343335,0
1.8029619162651687,0.5596628785629134,8.23061738945633,-7.808711015163759,0
0.34363945744898783,-1.1963137525922318,8.031947632651114,11.947788469089858,1
-0.9904453874990953,-0.08925045500335184,-10.153943767923092,9.990884779223817,1
1.2045450663967205,-0.5628345937091993,8.568083202148603,11.34391940189826,1
-1.3196470301666263,0.9866111107949629,-9.515959100719861,9.311517561692707,1
0.16424039552725475,0.8589463330206422,-10.140374960982873,10.422247229433653,1
-0.26144708808426137,-1.8393250270769939,10.651614892642687,-10.988306884936538,0
0.4350441054062124,-0.3496415847594464,11.048686169498652,8.986794919850883,1
1.7141872932654318,0.032621575878548255,11.351436033726095,8.922591279028657,1
1.3293714058685782,0.008251248701653734,-10.217317559048341,-10.871567232370873,0
-0.132868461880306,0.2584870057885821,-9.422128467504612,-9.346122843298067,0
-0.2332015369483301,-1.134513389237431,-10.05217851077272,-10.420760488666486,0
1.5705743390922449,-0.9910387618612272,9.374703104037318,-8.88332425046118,0
0.3021414665129003,-0.6120375992183019,-10.374792104395596,-9.84568990844302,0
0.9766547154267426,-1.0267827755286378,8.340354049269862,11.361174657475676,1
0.22012591476549134,0.17764370659328668,-9.911953934030008,-9.330822763959699,0
-0.07359406767474233,-0.7523160062971417,8.3736103535543,-8.705234175036942,0
-0.31484136243367944,-1.4482947174180025,-10.145202551371405,9.967856295056663,1
-2.528744563904194,0.9709350889612075,-9.049147653111065,-9.874238242206157,0
-0.9186406136379113,0.4519669647394722,9.720587324960542,-10.097217917857073,0
-1.6383687877760116,0.9598158060943114,8.031705588186329,11.436758209825737,1
0.39788048545422106,-0.8765126378171182,10.729165693490026,9.361540046281819,1
0.11983887404842669,0.07595212624267826,-10.584065918109197,11.410780151886069,1
0.4211265932700192,-2.174473476623303,-10.909974683565322,12.220725049009783,1
0.8392916607344909,-0.10573442455714059,10.891177712042238,-11.592517792162633,0
0.48453825263147027,1.9597793318339196,8.65035981133027,11.467520415006845,1
1.0259484847751645,0.3238265807437588,-10.007276937208829,-9.83032652156692,0
-1.0404568980692377,-1.1147475106773024,-9.702556427793352,-10.230753167275052,0
-1.3241279400032624,0.2863254739236929,9.706924922621438,-9.143423322586958,0
-0.4082734583803168,-1.0108733768701437,-9.823102444758067,9.926344210277264,1
1.9026209497091289,0.2732963733779384,11.852457654600812,-11.752189427789638,0
1.8049324363322672,1.3048966128285326,-10.798710340502405,-9.560184092659666,0
-1.9024293482608243,-0.539789395290143,-10.04542447944204,9.663105008051925,1
0.2939058580611476,-0.5827708388292708,10.945090949184747,8.85551157921163,1
-0.04858918789206872,-1.5659195928975007,9.11347261461281,10.733019507811195,1
-0.7629866416319755,0.5093600229825653,-10.518277863649335,11.528286462829241,1
-0.17716723541286128,-1.674906510208738,9.16350513465954,-9.353516231442088,0
0.19884624193600642,1.278743334696762,-10.818927732637412,-8.61098949082721,0
-0.4213775202070319,-0.9927481580175485,-9.974858452266494,10.52930579859492,1
-0.5387176557486002,0.4368438460041022,-10.74295390787754,-9.16021894325893,0
-1.1002555585175777,-0.24110864876952123,11.289617870208206,-11.378170564011615,0
0.12381292553332462,0.21307531389532103,-9.851680322166171,10.191073680282452,1
-1.4604970912634219,0.33765705704885,10.195803065745844,-10.144891600844279,0
2.9579948563643743,-0.7388963482162119,8.733181188810274,-8.557798483648325,0
-1.146796853029901,-0.8091174253355377,9.484672268592854,-9.942431408240669,0
-0.774710111868174,-0.05111382169384308,9.853211688632795,-9.96062130144937,0
-0.31415535663621624,0.5800850250785284,-9.948940462326156,9.733393948750747,1
-0.26407918739160147,1.4048860579267506,-9.178842252944749,8.097968323228379,1
0.14050687592706473,1.8087353829758186,11.28499100455111,-11.447311896808275,0
-0.8911757579394256,1.270666171999749,-9.77954856077799,9.757299638977896,1
-0.6382059983576168,0.6736025231584712,-10.11307747682539,-11.59913737850147,0
1.1232971097462399,-0.587109614706247,-9.832979907567562,10.678566232067023,1
-0.01695638724444956,-1.20978343907957,10.183851759376454,9.88337263426254,1
-3.0653702140364927,1.0298939508610663,10.593469153877722,-10.349499210206195,0
0.2974572288649869,0.04660568762956302,9.555116484603529,10.48617053470513,1
-1.015243423667499,1.0192486554352855,-10.553192605613152,-7.848688392748663,0
-0.6075313683465748,0.09811815876079841,11.222097945931576,8.8655451121388,1
0.7987715432453856,0.25496511768551544,-9.516943654235625,-10.952640606097036,0
0.5598180179584972,-0.025093314874657286,10.239516654474972,-10.051077105680937,0
-0.03959950272929972,1.2925570563353432,9.288705933650093,10.457994840570283,1
0.3030795157960237,-0.7152722254722576,-11.003871699686968,-8.945567738633429,0
-0.5544002097355083,-0.415731699324243,10.567535934655146,9.660146693355758,1
-0.29463007985472367,-0.23561633933292195,9.400261592670619,-10.13096755037198,0
-1.5207691284529614,2.1236514827944246,10.377222329545754,-9.183789805377438,0
-0.9654699256967673,0.02632620732092227,-10.356464619276863,-10.115714081999268,0
-2.7693083741355506,-0.7911687618195258,9.271356406727604,-9.7397796330906,0
1.7452356465626575,-0.20123120833556796,11.668607807992732,8.547716170678903,1
-0.8213804611410029,0.30128453719924253,-9.895154953302201,9.414467820115364,1
-0.6257592786584552,-1.2563068074894745,-10.127510821751295,10.123161100349273,1
0.7527401353818463,-0.4238213292740206,9.011715327804309,10.731788301113683,1
0.5139221239282852,-0.17780412998487016,10.895431508660696,-11.032484675194855,0
-2.104707605575564,-0.4889246348253149,-9.75643821834048,9.01348775994841,1
2.179789054108469,-2.1352809622745053,9.98976235987453,-10.488414390280095,0
0.19073024368546063,-1.9624757752312731,-10.144827180378154,10.224537239529655,1
-2.614698698339655,0.00459185909622016,10.99812563851664,9.216037565248307,1
1.8967815449047016,-0.5720435732452991,9.13399759999397,-8.995130440060866,0
-2.1209646074560733,-0.21721089482987613,11.08229632426524,-11.297137382862212,0
-0.3436482259108706,0.03672283083400617,-9.902920127320478,9.815008105350927,1
0.6501460510832016,-0.11153941163630102,-10.131363171076835,10.062242665945254,1
-0.6531428788703283,1.7700081127760328,-10.117571682254654,-9.939052809005931,0
-0.6095878494070872,-1.1792552696136562,11.404552070686949,8.836355237149132,1
-1.6793321553501561,0.18316445721232996,9.114516489277669,-9.868616903323208,0
0.319544477516104,-0.22874199216524574,9.52063142956546,-9.554476942231263,0
1.3173668405056407,1.2872433717598655,10.318750598221639,-10.658550206955542,0
-0.13397298211757258,1.541647272789033,9.387623623954346,-9.048491794219762,0
-0.36589542232009903,1.2180049769548293,9.602932985493352,10.188481020711935,1
-1.9746160939948711,-0.4017149281511697,9.689899152760331,-9.089233759261285,0
0.7616670493429482,-0.9957525717588207,-10.188315572665726,-8.839476689148572,0
-1.9877615611560693,-0.23980665727649098,11.690469111659176,8.620109176830784,1
-0.777777680575134,1.0548919807655348,10.871163591525253,-11.35661441997217,0
0.4098930323984536,-0.17393548426563543,9.224506840867264,-9.692363833574415,0
0.1783537823039457,0.6494391120557794,10.312153527086865,10.114617607400476,1
0.45411172776160663,-1.826937444081862,9.595634232856867,10.366745322143917,1
0.07018319410170343,0.2790868673951002,-8.55982422973419,-11.61070613190649,0
-0.0002551267895685444,-0.43446894517921425,10.19511599669473,10.036870126624875,1
0.8164505590989984,0.35558821126494533,-11.132219691453004,-8.493856377078572,0
-1.881128507265202,-0.3615739134536011,9.702221940815283,-9.16692123292179,0
-2.0598289591043453,-1.4226493629375538,-9.400824688979679,8.191202763846645,1
0.21254899555988171,-1.1887949665117916,9.822745652187207,10.237332456450678,1
1.2762141450678703,-0.6387342763567151,-9.71022321240237,-11.908407320458013,0
1.1214021535887415,1.1565728089210063,10.744958148196885,-11.089348494651713,0
-0.8294120204697655,0.4536122205597186,9.683442313255528,-9.568065153264037,0
0.8232658724939782,0.19790729853660124,-10.378635627501609,-10.259127468919116,0
-0.7305765512650153,-0.27136462203444345,10.078709813415829,-9.991722971929404,0
1.165343880280574,1.4890198389301406,-10.013048240418307,10.518521058825211,1
0.004377855432738368,-0.7712007719069304,-12.14415826614863,-8.830212031512497,0
-0.937838337059344,0.28887145565258276,11.142233556494688,8.990127843645976,1
0.6205684406911959,0.8944478104519844,-9.841034996541822,9.866635783326021,1
-1.4838321511251538,0.6100255553986605,10.58283179015488,-10.176676527999945,0
-0.6553672826874924,2.206603754500859,10.651761105569648,9.54049602217675,1
-0.07475078240690837,-0.5686004792431234,9.783360061165448,-10.062016433808727,0
0.6981579890093017,-0.2462998139947326,10.732529137572499,-9.624537847306115,0
0.9087636665276144,0.7000838295918749,-10.07081349639131,10.23487418006222,1
-1.179033210262721,-0.8911725123605224,-10.44666714252311,-8.877535501392247,0
-0.8484245945485668,1.0901762925807217,10.523140495224984,-10.889835604009612,0
1.1005644735360463,-0.3369483020661217,-9.73732798110204,9.361541404669136,1
-1.8854376822126697,-0.8745502145129441,-10.579669223078785,-9.885505471336323,0
-0.8850961287157939,-0.5389668072441399,-10.515356599578883,-8.337648478296597,0
0.23740712646189185,2.271286538420786,-9.776915778872123,-10.168653330952026,0
0.7777922047010114,-0.8548876384615898,-9.84480815526584,-9.363779721614819,0
-0.9560326346341632,0.9535062471093123,-9.29905520492754,-10.35932501696432,0
0.11807386252768372,-0.7950009320198054,-11.617507416559295,-9.666047815085395,0
-0.7226251958509435,0.859209122427626,8.502929406605732,11.262461340506096,1
0.3989795049869033,-0.5046019429739528,-10.358033613210745,-11.977665063199893,0
0.8005136828415413,-0.05150828797814614,-10.545195953999013,-9.884122554469126,0
0.2660422965055366,1.591835008368838,10.522398864307943,9.54749217528063,1
1.4426196060462926,-1.0288698654778763,-10.10530647331884,10.402955400705306,1
-0.49643983437698286,0.5518773939919431,9.094428479639724,10.81408401820925,1
0.17696381778735765,0.8456792860251947,10.22007489606374,-9.505293597250573,0
0.7654109749647545,-0.05460792888744844,-10.154179100465207,9.532372084945985,1
0.07214146012896534,-0.49081980670215786,-10.324748738130204,-9.423501581291719,0
0.2147559234712061,0.7275829944808068,-10.175146667846743,11.608158381112755,1
0.6077399656076069,-0.32502107627437493,10.574932109505301,9.72921527023426,1
-1.1529258816876404,0.7352955998869353,-9.84468461019328,9.771918246388456,1
0.7458129896780292,-0.3885303143450756,-10.120185308865564,-10.128142358840664,0
-0.4458547230002332,-0.8291146379692603,9.662214092445636,10.515965301129357,1
0.40747521799257175,-0.13941554040390194,10.982548007020776,9.204125941372777,1
-0.036987047083701804,-1.8638583238165491,-10.487708306041341,-9.485712565772635,0
-0.7190307454377879,-0.8592703691563299,9.165267695846003,-9.336671950476449,0
0.3921117118164762,-0.5597873233544766,-9.736467242605325,9.098110507471446,1
2.2950828028052928,-0.5525612355191365,-9.356240976990364,-9.782761584228968,0
0.2396984088470476,0.36212827844033296,-10.449783956027767,10.546675564030359,1
0.41399311927313354,-0.04212113152660802,-10.324153061681667,-9.557467039291932,0
-0.7973425944880363,0.04133944740679677,-9.725027110843216,-10.082844482362256,0
0.17134612259340234,0.27297669748415865,8.047198471413727,-8.425587714477393,0
-0.09940794802422127,1.4587915852145479,-10.379378289281119,10.381497754341579,1
-2.6661925465723617,-0.3254628514981809,-9.171905641582768,-11.181957694585776,0
0.33763174759689124,0.7460915322466779,9.862566052903771,10.087013000375292,1
-0.9313243391806765,1.2629346035531022,-9.547771277086353,8.867378512229992,1
0.007419170987003698,1.4184668810867451,-9.791674836210014,9.33353224209799,1
0.5834543208268179,-0.4482447984691493,-9.819051511146451,-10.016553754859121,0
0.6374156070339437,-0.4406841877860784,11.687568013522641,8.732594832903287,1
-0.5055249755508701,-0.38373210654815026,-9.618061888391649,9.276948400917243,1
-0.1948761908386437,1.7938607900345007,10.154762160083125,10.038957401326986,1
1.624831275441956,0.6388462361242263,-10.572837598667034,10.564264410121744,1
-1.118818345434181,0.14728893119595562,-10.124589404333932,10.149991337814694,1
1.4242337919136812,0.12337909461380671,10.197683586196122,-10.204131409038368,0
0.4111708739368616,-1.6789857231580196,-9.415828312987522,-9.34390043278888,0
0.39064562974695005,1.1633881566082398,10.402589067226366,9.70336262867797,1
0.08436345101442555,0.10652725797902313,-10.405235135871717,11.142796597871088,1
1.4647597085300668,-1.2201215642209475,11.221963415551691,-11.022994778433603,0
-0.5470984378238114,1.8765947856464809,-9.530630636544318,-9.86422119280913,0
0.4423075043645949,-0.1783493682963964,-9.691256366140806,9.767960191032524,1
-1.2035163908129578,-1.6863410298101285,-10.171710952544496,10.327627710333488,1
0.043620116182666806,-0.3562099274358039,-10.205181314421367,10.498851534524126,1
0.4748435673529642,1.5820025451209432,11.196070998786814,8.83546231308199,1
-3.5261469967168098,-0.9425955505938145,-9.76447033690675,-10.564057759647977,0
-1.0823253196416478,0.9404145678510022,9.661493027397249,10.561752370120669,1
-0.8129726939649574,-1.926571031744698,11.92336618981429,-12.768271862292899,0
-1.1851793450630423,1.2782235880987134,10.337468576586527,-9.947904010476567,0
-0.6587360235162255,0.8934773767050983,8.935951798730581,10.955571035094646,1
0.30411514305331616,-1.5480823513776971,-9.69694633967645,-10.910368884392351,0
0.23911402537815638,0.288856960377898,9.067757524176072,10.802567145847192,1
-0.03208397678788113,0.4889138468588818,10.003843202332224,9.905514043983633,1
0.7624324899139066,-0.6088851817936375,-10.245660771765511,10.6925418542706,1
-0.44507081091758083,0.8089274234487294,-10.038071437805346,-10.095131727154415,0
-0.6873769278734837,0.7101548610482501,10.725967131874281,9.148951166898406,1
-0.13691557869579093,-0.22616124649555686,9.050121637623873,-8.759594096828284,0
1.174509209787228,0.6609129955168328,10.71286958675948,9.242870787476502,1
-0.6425189280362664,0.2406052987504242,-10.347191035803354,-9.11257100135216,0
0.8888623488588576,1.9307599475339436,11.32280242439462,8.852269042672097,1
-0.47724887740291627,-0.22505767283780617,8.419835539408028,11.269592116105997,1
0.1115634823223988,-0.8670913695657565,-9.645085635528602,8.956727184319057,1
-0.13582093736257733,0.23440353904454092,-9.587741580159365,-9.784019936627976,0
-2.352712780442028,1.5211121181700067,-10.055354003165139,10.372499698605614,1
-1.0056126845251663,-1.687788203247143,-11.23357329422584,-10.669230278748136,0
-1.0464287665881058,0.15510915029719186,-11.120520082675784,-9.841601072559106,0
0.7217435100292326,0.25868613261936063,-10.58888545147682,-9.958801249358448,0
1.1890185886742144,-1.0065340166212828,-10.186041503646797,10.037816442977347,1
-0.21215400781954502,0.5274129625289979,-9.926797195527179,-10.447695443927058,0
2.096570227102495,0.01834451634464973,-9.863389950310895,9.76544424445098,1
-0.016086919153512597,-3.2840372732162364,12.245015291977717,7.941622447457863,1
-0.20167800685592235,-0.989594521181726,9.36230835847513,10.684823874500104,1
1.1091295627686282,-0.7057429142448045,11.368942387978114,-11.42548558899748,0
0.5499889411744616,0.7432400808958305,-10.021821750445454,10.340203894269472,1
-1.8472192868569925,-0.1799619592528034,-9.8258794774695,9.609533380974058,1
-0.12042716158671063,-1.1572436545811027,-10.239377444650895,10.234756731010128,1
-0.128116781756974,-0.7725511073863155,-9.79076169452869,10.267954569114822,1
-0.5263007310151987,-0.5569099395509483,8.969486845586584,10.687884727155918,1
-0.34648486256807914,0.9809973755387086,-10.538948085240278,-9.76583946433122,0
1.8080258740836597,-0.04621103641782247,-9.518705308885748,-9.82576589371284,0
1.0102144048892827,-0.9805615918904965,11.308758208135025,8.759534161956351,1
-0.7970148216666715,-0.8340705276756988,9.712447116246807,-9.181657075894412,0
1.2297777525612597,0.5322912463865855,10.765000731523804,-10.675819966203978,0
1.169618836313002,1.791899617983269,-9.40531537010653,8.993781752036897,1
1.016127628123202,-1.5569339036898302,11.297205387525398,8.8134189067385,1
-0.7753138477974405,1.8788004116611896,9.404212090545004,-10.312578041606422,0
-0.10200802314825247,-0.6117144565181126,-9.196041770793371,-10.765336867549909,0
1.4725077796114243,0.4955332712127041,-10.153938214928395,10.106301035008073,1
-1.8591005859596064,0.25731990879249556,9.693106170028862,-9.101488479633225,0
-0.6082027919817637,-0.3700600488213341,9.368174885006443,10.659672615188258,1
-0.5454992521311709,1.389414891400923,-9.004517570643937,-10.444110910721086,0
0.8662577769039738,0.21904497770274384,10.043194573466096,-10.046296133441443,0
-0.20415622211841467,-0.8518181355115784,-9.936109434825653,-10.7252629699558,0
0.7486509780003429,-1.0314665301096662,-10.3968026927599,10.378583507033918,1
1.1052310412729316,1.271971720599896,10.638119285284727,9.482688829674789,1
0.07706733092616766,1.173587199553957,10.149345091270863,9.84642149059663,1
-0.2476458861455354,0.47386995516853786,9.16851071303787,10.76260244962455,1
-0.7329046980629828,0.2238178190580062,11.572474861729836,-11.061648111655398,0
0.758980339571503,-0.6776300830458997,-9.088543055427003,7.803800426027751,1
-1.1902466896048693,1.5032932472274025,-10.075655933918135,9.924297102435212,1
-0.6226093690357528,0.24070916797533523,-11.068823105347475,-9.894599066551132,0
1.8416563828510937,-0.38301475425758763,9.986928627578179,-9.742589424211697,0
0.5427783622615221,1.4547009816556855,10.038858424195922,-10.372597733370998,0
1.0011324197549971,-0.156280195855381,-10.356468751213853,-10.077331154936866,0
-0.9784088370606223,0.5356641566739965,10.990846969806382,-11.226156647712868,0
0.0658201439357555,-0.9565555428086127,-10.381065264652634,-9.633331635273287,0
0.37493076738843834,0.6063374752377703,9.481640025974045,10.247196772963576,1
1.2991037852399,0.5684551398976279,12.089518906693092,7.980700877122929,1
-1.537166283881108,1.8480393378236337,-9.25081464881666,-10.910018110116301,0
-0.5434966582249426,-0.02208988207996373,8.615828431663992,-8.653398316724683,0
-0.639617992657772,-0.8551518171516893,-10.08415976970076,-9.367188969064763,0
0.9767122609100531,-0.8488072947544198,10.287404677292795,-11.08085384336547,0
-0.813593758316258,0.11574262841085475,-10.10069290181115,9.642875017898506,1
1.2018990688924487,-0.3584595703761178,10.825855837772421,-10.517286923252675,0
-0.20385547141692378,0.22295144663258903,-10.476867692014709,10.552927536661963,1
3.525766845130024,0.0543103582255701,12.063373046894169,8.17735089525038,1
0.34895999551973217,1.7996267054862827,-9.81515103320848,9.691907827915477,1
-0.0639766031452265,1.1247880031380233,10.264352260495166,-10.765620128539892,0
-1.4193838030566497,1.154331616411418,-9.996518398556082,9.949718202219842,1
0.12853117037480258,-0.8904249363669494,-9.357781661606763,-10.206521940865702,0
-1.4354110169193282,-1.3295106751712258,10.721392315554649,-10.308458650501079,0
0.1149947303991421,0.8421055643732793,8.867363129511435,-9.045554189549055,0
0.43429449756847127,0.20961732690030452,10.28843508255841,-9.811033663350646,0
1.2982659318603016,1.402456828789424,9.98734234668263,9.944831464104206,1
-1.2682898379094902,-1.576565103280111,10.920407868907244,-10.447151992331268,0
1.2219350006876362,-0.5578649475763972,-9.328118102450478,7.952944330200773,1
-0.24247349593725626,-0.3422314839382336,9.485311233386428,10.119612278247853,1
0.34192800375930965,-0.6715862479884396,-10.157213827994788,11.146186692438283,1
1.7145978732176033,-0.5238915962985581,10.626674990901774,-10.342222121859761,0
-2.0195014697160234,1.088382505679586,10.205809263874366,-10.515696904815648,0
1.0072928680824278,-0.2707204466753357,-10.171877056126306,-10.141866342191943,0
-0.33506792127099205,0.3901303879260001,9.226308372701807,-9.095748183759902,0
1.8878295426578369,1.5853540492812759,11.76674618895103,8.430518590584514,1
-1.381495927024579,-1.4996780120770978,7.8182680245567635,11.771506890006352,1
-0.23717420208902812,0.11514238308889417,-9.733235979140957,9.134336411307087,1
0.44729417509746155,-1.1613406773937462,-9.597605891044582,-10.35725807528911,0
-0.6274307909916531,-0.7907208867263266,9.446965303283246,-10.03664179244764,0
0.9518189919240176,-1.935935146786218,-10.760020437103961,-11.077319551692494,0
0.5028653275382325,0.3881086510498463,10.7792627930954,-10.924650767135716,0
-2.4790456945061377,0.9275094359978565,10.708612468208203,9.548575329345798,1
-0.9111303797173752,-1.6630624785483086,-10.141098045919591,10.078717168351481,1
-1.2089122354345216,-1.5737778448240116,-10.181354207628658,10.364321471155119,1
2.3367899760169624,-0.09309396069043847,10.178310601747784,-10.016714416360468,0
-0.5827618840331846,0.2110937879360868,-10.270591907002595,-9.322840341237672,0
-0.10873465684460289,0.35334553764126836,10.4638528158874,9.852822776353527,1
0.5250812926943664,-0.8885345709125235,-10.066939874166794,-11.340041502525265,0
0.2825005030009164,-0.43690044510536874,-10.077533009626501,10.264413962126227,1
-0.7774548347283673,0.11865117892345928,10.935820395374362,9.242430837444976,1
0.19483232212670454,-0.41095215890901193,-9.407644760295874,8.631116768760009,1
1.3001546795626557,0.09952753431985503,-9.687843591903073,-10.682053770016937,0
-1.8249625650728927,-0.9012274484072058,11.029451444758948,8.987147018087704,1
0.04895369237773147,0.2808278624218236,11.4402825795588,8.870999789868218,1
-0.2590714420588364,0.18157982761896596,9.92995428841243,-10.253919956776596,0
0.9065677330850316,1.001169570520689,11.258162593934214,8.780528329131743,1
0.8831412792631538,-0.506796127372353,11.05394811057074,9.212060239131642,1
-0.30124677498627167,-2.371702120052458,-10.423546354340713,-10.153871181287256,0
1.039501516263274,1.219294046889916,10.53791654221484,9.352366945715687,1
1.7017144728084213,-2.0979610025685402,-10.72283298054291,11.548225908538132,1
0.6768465305456651,-0.06439384435161505,-10.417136942864616,-8.884434848677982,0
-0.6565294666937082,-0.36830488755432345,11.15199682717327,8.923678415033326,1
-0.7478786250494533,0.10782951090036315,9.151632757339033,-8.734965683801262,0
-1.8056122158203989,-1.6284014519555756,-9.897534552919211,9.353754995910592,1
-0.5447959717967044,-1.377169513182376,-9.730861947025003,8.865792720620709,1
1.3471342757184928,0.6429790856242018,-9.817976102218887,9.925793252849003,1
0.9957020498412494,-1.4238984141190771,10.551705290712523,-10.098137635073467,0
-1.3778890260450383,-0.0330347277254284,-9.13663105309672,-11.187820343750255,0
-0.6895688774098215,0.21479889589551837,9.263418019938255,10.501171274530183,1
-0.7406535686883589,-0.734749397846573,9.917718947594851,-9.954706386141451,0
-0.3830728076731014,0.6874637825764776,11.02564503909629,-10.412448876768694,0
0.10152264587150203,0.3402064264183999,11.433473873398697,-11.396741220004616,0
0.2583473629890262,-0.06942376851580843,10.0332683456246,10.068166188935072,1
0.2992212824908094,-0.2601111108592335,-10.39521361030708,10.075798707289382,1
0.7103393829076794,-0.20250708168524598,-9.849820834302028,-10.732756088606402,0
0.3038523492673572,-0.5424400019468394,-10.581302287375657,11.423847886287389,1
-0.12202053985341568,0.654643067784782,-9.758543510611993,9.218093621143764,1
-0.21579360631529038,-0.2952349820047441,-9.916921279491364,10.0230939945227,1
-0.15074259328882075,-1.2674271749580446,10.744758729980594,-12.132119301850752,0
1.9403990693779274,-2.0097796518173974,-10.267744636016937,10.617865753242379,1
0.1285296273730866,0.9708362544798521,-9.306796994737788,-10.540785639449204,0
-0.3787255189600314,-0.7424187351645541,-9.426785817308954,-10.443724062098152,0
-0.8514438431589063,0.7601393108160914,-11.150429912863348,-7.325109787356074,0
0.28765004913261905,1.0475691425470874,8.817686701262897,10.871893561971492,1
0.7001827395819807,-0.007906128688567514,11.368285631157782,8.759007761556255,1
-1.2806144171346145,-0.27238247515921427,-11.044093731482995,-10.002672726834312,0
1.9868221056016309,-0.5151494064190855,9.974923805379452,9.993820847158476,1
1.32929973731219,-0.9453512803718461,-10.411480692436584,11.176410184228313,1
-1.707906645120191,0.6893970161616494,10.478865155785972,9.479026303509844,1
0.29460953599441303,-2.3248194851064543,-10.041255097013803,-10.52676195101299,0
1.0101117208311274,-0.647757280961499,9.87709324551342,9.995300592890668,1
-0.904169324935269,1.7793731734873455,-10.63277329328391,-10.215113536097077,0
0.6367517837075928,0.11173188071899996,10.058033296725885,-10.824842191264175,0
1.1979912729328728,-0.06977731056179992,10.45744292009613,9.71522830573231,1
1.51479692969215,-1.3862269335224544,10.328960873953903,-10.136098438395619,0
-1.548839468109789,-0.907091302862033,-10.131980066187024,10.285511677112032,1
-1.4656849080352745,1.3430452941993094,-8.625711872231209,-10.277826236230908,0
-0.3093726614080959,-0.30908988783514507,-10.873306637316318,-10.142708205976087,0
-0.6340465893841745,-0.5077185014996599,-11.575662267099775,-8.716333240321921,0
-1.013016331556663,-0.5835737531731582,12.29409338538444,8.045125519072105,1
1.0343311363715197,1.184137338078538,9.072945632262348,-9.247330645132125,0
1.348324418023267,0.2624678024771845,9.386953078210775,10.318877000053153,1
-0.9513040683223023,-2.268774849170333,-9.427557313164597,-10.286170897199328,0
-1.0405845581195086,1.2018888814738669,-9.955426488131133,-9.845744668856547,0
-0.28276526645162325,0.7170764440037425,-9.877844680677894,9.170245760352554,1
0.21461700043012347,-0.6977038718939228,-10.124788053442234,9.602298106435072,1
0.5781407221131725,1.223450726973922,10.63522195275024,9.244870161123394,1
0.7057963779196846,0.005330146143686563,-10.29827699982581,10.646814264423353,1
0.19122218021164422,1.427534369437343,-10.137832107107897,10.890021914874927,1
0.6905015476743268,-0.13318605547552306,-10.925467373019538,-10.640445569243305,0
1.1284942857589262,0.3475273700054565,11.107137727151136,-12.232203168333147,0
1.0787130009847157,-0.008189367154403297,-9.908091305365762,-10.48814267773731,0
-0.28820791736068724,0.7082070918026084,-10.18149106844907,10.902533647570642,1
-0.36363083786248745,1.740534426102888,-9.960326509440451,10.162461613874209,1
0.1461840473649248,1.2014446693905807,-10.305809906447095,10.249165300331438,1
0.3179432835452949,0.5963302279615557,-9.989731888055772,9.909312975827339,1
0.00734302875751427,-1.0785552643757184,10.800584236442493,-10.53783357012479,0
0.39726792354352164,-0.5308831741696056,9.710417152705714,10.318158016609155,1
-0.8926914596958274,0.5928728037938058,8.119538356623904,11.615776170404235,1
0.6524904514304267,0.730100117750769,-9.906875164541615,-9.526882609197202,0
-0.7603621591874694,-0.3490146824325129,-10.342306953465123,9.12491757239244,1
-0.06931449627522092,0.8178755198531373,-10.501713357148596,-9.380839038955768,0
1.0711520491052937,0.9818046633058732,-10.426813336029305,-9.953322985927265,0
0.3910712161451788,-0.9196128354643877,10.20881835209229,9.789808038911952,1
1.203724455002265,-0.9307998077203388,-8.9428948315175,-11.046719733860664,0
0.054210619970449785,-2.1198896811278045,11.718219805402482,8.369533994216788,1
1.1436883410137446,0.750107468698705,10.77772108588612,9.367740740447402,1
0.4565730290254088,1.7395302939094013,-10.371587095866209,10.485257953431061,1
0.8522598991586459,0.29537978428835504,-10.298530571935013,11.321372601945573,1
-0.9692855281008187,-0.17177897928156666,-10.060940446820526,10.229470714105279,1
0.33837311760567346,1.107715960758928,-9.980190755663914,-10.027172047907463,0
0.34395472644866426,0.27257981583497387,10.995959803790823,-10.982237616545914,0
1.6696602078302258,0.4877159029837626,10.066557556755349,-9.782341702473802,0
-0.5280966964794931,-0.7627360632829049,9.852110231509336,10.073779163253434,1
-1.7855896344697992,-0.29840604266575477,8.27805104090235,11.598485429015097,1
1.0759551585942608,0.3910271816826892,10.365161696486501,9.711643999373193,1
-0.665718576214441,0.3637519129482514,9.466946935649027,-8.958501844499144,0
-0.536519157960801,-0.6291652207582006,-10.196431208741139,10.236760341054346,1
1.969749710508379,-0.7280246601656152,9.947032417731007,10.048173528356122,1
0.6777036303546381,-0.398675352103451,-10.374031505042684,-8.448707494271826,0
0.6562757911084806,-0.663362479940362,8.851104271787372,-9.363363641745988,0
-0.8735626914583228,-1.309999912167103,-10.363122406502198,10.672642552604907,1
0.35498570891623965,-1.8165797482339077,-9.605060507548487,9.064992577401213,1
0.6058399600549899,-0.5500635196855813,-9.042558416596114,7.912966238045623,1
-2.127805716966869,-0.9176266180592413,-7.9083304322151555,-9.748408435811571,0
-0.3756748421926175,-2.1119407762481255,9.57525001391112,-9.372432652424274,0
-0.5731418911857009,0.7404823760442636,-10.494844860415384,11.511020903682423,1
-0.2628903911920106,-1.3129533931381618,-9.324939681314266,-11.123344087409027,0
-0.6236990343097144,0.5074269270037012,10.731172584980547,9.206648076493636,1
0.46060574551593975,1.7325065899869543,-10.173348923336194,-9.480745760474147,0
1.2134415104948695,1.364998810667134,10.786094019110381,9.009693169089722,1
-1.785455570837318,0.8623998985631047,8.973951459641592,10.894790257080714,1
-0.7831445751355006,0.8524903238909326,9.544009184628932,10.473330252948926,1
-0.21033339427068465,0.3127946133202482,-9.5060107490837,-10.564517642976718,0
0.19419719940662966,0.13139204951988687,-10.611949728620154,-8.987767103252564,0
0.2999074334047992,-0.4643604118858626,-10.712644739934952,11.384219237936572,1
-0.30743870968470716,1.425226677832392,-11.415817219244577,-9.653679434349186,0
0.04824381110369592,-0.7013983556708138,11.847570151136473,8.781120213334514,1
-0.9838938404428595,-0.2971649218104831,8.825549397510505,-9.710727461037292,0
0.6026490780037784,-0.03544912632448353,12.112732819519803,8.404630184790218,1
-0.005354198524307985,0.19588708448953973,-11.119613971080843,-10.662665315422515,0
-0.399236098489358,1.1022724024439787,-9.76937701504566,9.631612508764068,1
0.47289818574333814,0.7126645095050994,-9.864019636878659,10.203426767056024,1
0.07038860391817775,-0.6918843726548732,-9.778415196647487,-10.137080483544883,0
0.5378557447186478,-0.34369900612173376,-9.523605724503602,-10.4552052112239,0
0.5001051553072761,1.7080466707915174,10.268320792373894,9.709667774209102,1
1.581930803882893,1.7357373307365507,8.37840442518851,-8.439473393739998,0
0.25244108663720966,-0.5222769555439581,11.825151072033172,8.47165543099843,1
1.8296067067796962,0.326215617634284,-9.484814700675798,-11.151301091002441,0
0.9877609702530068,0.2537087119166171,-9.585108865702901,9.074921115421889,1
-1.3882603772734525,0.6312223121878248,9.422886067430563,-9.06093374825103,0
0.5729170618492195,0.3036333455778026,10.086502572850204,10.116315440716827,1
0.09496446393465391,-2.5412056071167344,9.350232232443584,-9.214525647136732,0
0.24241279276292782,-0.40218584874012664,11.446820968485135,-11.687957760960261,0
0.3023192530579021,-0.010527755461160625,-10.08837371229574,-9.630854275650119,0
0.7878740114232912,0.7967618308623645,10.532640135814589,9.66699078344915,1
0.9892710912459787,1.1183672751358906,11.306219141336227,-11.258958277542654,0
-0.5587430376874857,1.023314654625295,9.462048360822568,-9.467543853122582,0
-0.12555823256872853,-1.427582178167204,9.018083098053758,10.792369866348906,1
-0.16156213306365952,1.1747602830796826,-9.913675868759759,10.21762061463548,1
-0.6010666957796064,0.6450252798101366,10.841015957989743,9.458487433114366,1
0.9728276441066976,0.9022524063473953,-10.61843123799503,-9.691197110194993,0
0.6715785058812007,0.8864657110832754,-10.971463400609014,-9.5281938834036,0
0.16836701021975137,-0.5708051075676863,-9.944025583566951,9.618080406388382,1
-0.9626900124373768,0.5680353336901809,10.964806832681088,-11.610123087528983,0
1.3293172693156192,0.3712739048751878,9.207261469729325,10.573138550431084,1
0.7723205015535264,-0.6703447669599681,-10.007065345851826,9.951997121795168,1
-1.0384400727483065,-0.9492965523964954,10.134213977619341,-10.138243626562472,0
-0.9038903538689668,-0.11501870321768409,8.756858818682993,10.893482176156997,1
0.7185606058352171,0.5635591355391693,-10.00304232074685,9.703007044254175,1
0.4808951447646977,1.0296654697556507,-10.001577664578289,9.912240153078622,1
